Day,Date,Activity,,,,,,,,,,,,,,,,,,,,,,,
Sunday,05/01/2022,"Umangs house, watched ipl and la mer",,,,,,,,,,,,,,,,,,,,,,,
Monday,05/02/2022,Aquafit Marina,,,,,,,,,,,,,,,,,,,,,,,
Tuesday,05/03/2022,"Hamdan over, friends at meheks, mamzar guitar with fam in morning, bua, ikea and lamcy in the evening had haldirams in evening",,,,,,,,,,,,,,,,,,,,,,,
Wednesday,05/04/2022,did nothing and slept a lot,,,,,,,,,,,,,,,,,,,,,,,
Thursday,05/05/2022,"Mamas birthday, Baked a cake, went to Pizza express and had ladys night for mama and ria",,,,,,,,,,,,,,,,,,,,,,,
Friday,05/06/2022,met ajay at gym! had kfc and watched match in evening while mama papa went to atul uncles house,,,,,,,,,,,,,,,,,,,,,,,
Saturday,05/07/2022,"played valorant with das and spoke after a long time, met advik and seshadri and went to lassi shop",,,,,,,,,,,,,,,,,,,,,,,
Sunday,05/08/2022,played cricket with manoj and co. didnt play too well lol. again played valo with das,,,,,,,,,,,,,,,,,,,,,,,
Monday,05/09/2022,"talked to fateh and jeba, had chinchaus, played fortnite, went for visa with papa to amer and had amazing amritsar makhan",,,,,,,,,,,,,,,,,,,,,,,
Tuesday,05/10/2022,"went to herriotwatt with all friends, played bowling and got 95 points.",,,,,,,,,,,,,,,,,,,,,,,
Wednesday,05/11/2022,"gymmed with ajay amazing sesh., met advik and sesh, ate at veg dine, played indoor cricket.",,,,,,,,,,,,,,,,,,,,,,,
Thursday,05/12/2022,"met das, hamdan ahmed, went to cafe to play ps4, ate burger club and veg dine",,,,,,,,,,,,,,,,,,,,,,,
Friday,05/13/2022,"helped mama with assignment, made maggi for mama ria, and went for runway hindi movie",,,,,,,,,,,,,,,,,,,,,,,
Saturday,05/14/2022,went late night gym and ria ordered burger king late night. Saw the wrong missy movie lol. felt bored during day.,,,,,,,,,,,,,,,,,,,,,,,
Sunday,05/15/2022,baked a vanilla cake. went to malabar. watched ipl,,,,,,,,,,,,,,,,,,,,,,,
Monday,05/16/2022,"did ahmeds workout, watched logan paul lol. played top golf, met priyanka di and everyone else",,,,,,,,,,,,,,,,,,,,,,,
Tuesday,05/17/2022,"made pizza, went to shyams for massage",,,,,,,,,,,,,,,,,,,,,,,
Wednesday,05/18/2022,no idea lol,,,,,,,,,,,,,,,,,,,,,,,
Thursday,05/19/2022,"Played pool with Ria. Went to al Seef with hamdan, amos, johnson, shahid and maaz; went on abra had chai and watched girl next door.",,,,,,,,,,,,,,,,,,,,,,,
Friday,05/20/2022,"went to sadguru save soil, had PF changs and bowled late night.",,,,,,,,,,,,,,,,,,,,,,,
Saturday,05/21/2022,"Played cricket in the morning, had aalo paratha, met mrudav advik seshadri, went to oud metha watched match and played pool.",,,,,,,,,,,,,,,,,,,,,,,
Sunday,05/22/2022,"went for swimming at night, made chicken curry with papa, went for a walk with nakul and had burger club,watched a black mirror episode",,,,,,,,,,,,,,,,,,,,,,,
Monday,05/23/2022,"Hamdan's birthday at Johnson's place, chinese food, slept at like 4",,,,,,,,,,,,,,,,,,,,,,,
Tuesday,05/24/2022,"johnsons place in the morning, went with dev to Salkara, watched match in the evening, buttler played amazing but titans won.",,,,,,,,,,,,,,,,,,,,,,,
Wednesday,05/25/2022,"Watched drive to survive in the morning, made my first ubc timetable, gymmed around 4 and saw familiar faces, went to mamzar, had biryani, watched match in the evening, rcb won!",,,,,,,,,,,,,,,,,,,,,,,
Thursday,05/26/2022,"got a call from credit suisse for offer, watched bhul bhulaiya 2 at home, went to board games cafe and played splendor, had mango fish curry",,,,,,,,,,,,,,,,,,,,,,,
Friday,05/27/2022,"went to la perl, met sakshi samiksha, had freez, mcd, shawarma",,,,,,,,,,,,,,,,,,,,,,,
Saturday,05/28/2022,"started stranger things, went gym, swimming with advik and played cricket w seshadri, had pasta and burger club",,,,,,,,,,,,,,,,,,,,,,,
Sunday,05/29/2022,"went to scc for shopping. bought clothes and had pizza. went for jog at night, watched ipl final and mmore stranger things",,,,,,,,,,,,,,,,,,,,,,,
Monday,05/30/2022,"met salem - mamzar, checked kefi, went to ghurair mall, fun drive, gym, swimming with advik and seshadri, watched stranger things",,,,,,,,,,,,,,,,,,,,,,,
Tuesday,05/31/2022,"went for medical, gave blood test, ate eggs and paratha and slept. started coursera on blockchain fundementals., gymmed with Johnson and Amos, Swam too, walked them half way to Sahara and had a burger",,,,,,,,,,,,,,,,,,,,,,,
Wednesday,06/01/2022,"GOT GOLDEN VISA, submitted forms to credit suisse, Had Amritsar Butter Chicken to celebrate, started watching a lot of Yes Theory! Played pool with Mahadev",,,,,,,,,,,,,,,,,,,,,,,
Thursday,06/02/2022,"Played a bit of fn with Justin, slept then went to BSL for VISA. Delayed so watched The Platform movie alone and Yes Theory with mama. Had KFC, gymmed  and swam",,,,,,,,,,,,,,,,,,,,,,,
Friday,06/03/2022,"Played Fall Guys, and played FIFA 22 with Hamdan. Had 2 Shawarmas and Maggi and went to Board Games Cafe. PLayed Splendor, balancing game, foosball-like game etc.. Had great fun",,,,,,,,,,,,,,,,,,,,,,,
Saturday,06/04/2022,"Tried out a new beard. Watched a lot of Yes Theory. Played Cricket with friends, went and ate mcd, packed chicking and went for swimming with advik and seshadri, played a bit of fall guys and gta",,,,,,,,,,,,,,,,,,,,,,,
Sunday,06/05/2022,"STARTED A HEALTHY DIET WITH NO JUNK FOR A WEEK. WILL TRY TO RECORD MY MEALS. gymmed, swam with mama up, watched the departed at night, lpayed uncharted 4 multiplayer. Had hammus khabus",,,,,,,,,,,,,,,,,,,,,,,
Monday,06/06/2022,did passport job with papa by going to ivs in oud methda. Met Canadian consultant. met muskan at La Mer and then went to a restaurant and had a drink. had subway,,,,,,,,,,,,,,,,,,,,,,,
Tuesday,06/07/2022,"GOT RESIDENCE ADVISOR AT TOTEM PARK. Gymmed and met noel at the gym. Justin came over. Played valo, ps4 - fifa, rocket league. Played pool down and swam up with advik, sesh and justin. Papa made pav bhaji and had khichdi for dinner. Had a fun day!",,,,,,,,,,,,,,,,,,,,,,,
Wednesday,06/08/2022,"Went to DTec. Met Khalid, Waleed, and Ghanim. Explored RIT and took pictures. Went to Al Khaleej center for passport but had to get mama for signature. Came back and slept till 7:30. Went for Yokos as an RA Treat. 1ST DAY OF DRIVING with family",,,,,,,,,,,,,,,,,,,,,,,
,,you have to force yourself to lack things...otherwise you won't appreciate...,,,,,,,,,,,,,,,,,,,,,,,
Thursday,06/09/2022,"Played PS4 - FIFA, Fall Guys, and watched Sausage Party. Gymmed then watched India bat till we left for G71 - Ghanim Club Initiative. Startup-full atmosphere. Tried Jaffer Bhai's biryani and had 2 shawarmas. ",,,,,,,,,,,,,,,,,,,,,,,
Friday,06/10/2022,Got up at 4am and applied for VSE club  had chai with parents. Slept from 8-11. Played Valo and spoke with Das and Advaith till 3. Watched Tulsi Das Jr. Slept then went for ADVENTURAAAAAA. Great fun. Very thrilling. Came back and had khichdi for dinner.,,,,,,,,,,,,,,,,,,,,,,,
Saturday,06/11/2022,swam up with ria. played valo. ,,,,,,,,,,,,,,,,,,,,,,,
Sunday,06/12/2022,went for a walk in the morning. Bought groceries. Made chilli chicken with Ria. Took care of mama because she was sick. Played ps4 with hamdan and valo with boys. Watched India's match. PLayed ps4 at night,,,,,,,,,,,,,,,,,,,,,,,
Monday,06/13/2022,"Played Ps4 in the morning. Watched Squid Game in the afternoon. Had Dal paratha chawal for lunch. Met Advik and seshadri and went to Kulfi King. Had paneer, played codenames and valorant and watched squid game again at night",,,,,,,,,,,,,,,,,,,,,,,
Tuesday,06/14/2022,"FINALLY GOT SHORTLISTED FOR CREDIT SUISSE AND RECEIVED DTEC OFFER SAME DAY! Emirates ID gone for processing. Played uncharted 4, watched match will swimming. gymmed and played valo a bit",,,,,,,,,,,,,,,,,,,,,,,
Wednesday,06/15/2022,Played Splendor with Ria and Mama.Played a bit of valo at night. Took Ria with me to the gym and she is starting personal training. Had pasta ria made. one shawarma.,,,,,,,,,,,,,,,,,,,,,,,
Thursday,06/16/2022,Signed DSOA papers. Played fifa and fall guys with Hamdan. Watched Locke and Key. Gymmed and slept. Had ECON interview,,,,,,,,,,,,,,,,,,,,,,,
Friday,06/17/2022,"Had eggs and paratha. Backed up everything to one drive and installed UBCs MS 365. Helped mama in her assignment. Gymmed, watched match, splendor, and valorant",,,,,,,,,,,,,,,,,,,,,,,
Saturday,06/18/2022,"met advik for walking, watched Jurrasic World.",,,,,,,,,,,,,,,,,,,,,,,
Sunday,06/19/2022,"met advik and seshadri for walking, played valo with Advaith in the afternoon. Had salad Ria made ",,,,,,,,,,,,,,,,,,,,,,,
Monday,06/20/2022,"Started internship at dtec. ate food, came back watched show and slept",,,,,,,,,,,,,,,,,,,,,,,
Tuesday,06/21/2022,"Went to dtec, had pasta mama made",,,,,,,,,,,,,,,,,,,,,,,
Wednesday,06/22/2022,"went to dtec, had aloo ka paratha mama made",,,,,,,,,,,,,,,,,,,,,,,
Thursday,06/23/2022,"went for bowling with Advik, Mrudav, Aditya",,,,,,,,,,,,,,,,,,,,,,,
Friday,06/24/2022,"went for sleeover at sakets, went to malabar with mama papa",,,,,,,,,,,,,,,,,,,,,,,
Saturday,06/25/2022,went to India Palace and had lovely dinner.,,,,,,,,,,,,,,,,,,,,,,,
Sunday,06/26/2022,,,,,,,,,,,,,,,,,,,,,,,,
Monday,06/27/2022,dtec,,,,,,,,,,,,,,,,,,,,,,,
Tuesday,06/28/2022,dtec bus metro got really tired.,,,,,,,,,,,,,,,,,,,,,,,
Wednesday,06/29/2022,came back by metro from dtec. gymmed. Met advik. ate food and slept,,,,,,,,,,,,,,,,,,,,,,,
Thursday,06/30/2022,Met advaith. Wild Wadi Plan flopped. had kfc. Swam at my place for 4 hours and played fifa. Had burger club and chinchaus.,,,,,,,,,,,,,,,,,,,,,,,
Friday,07/01/2022,STARTED CREDIT SUISSE INTERNSHIP. Very tired at 5. Watched India vs England. Walked with Advik. Went to Dwaynes house and helped him out. Helped Ria in speaking - IELTS.,,,,,,,,,,,,,,,,,,,,,,,
Saturday,07/02/2022,met advaith at gym. swam with advaith and advik. Ate at burger club. Had kulfi and congratulated Ria on finishin IELTS. Had caesers,,,,,,,,,,,,,,,,,,,,,,,
Sunday,07/03/2022,Watched move jugg jugg jeeyo. Met Asmita and Srishti. Came back home and finished black mirror episode.,,,,,,,,,,,,,,,,,,,,,,,
Monday,07/04/2022,"Credit Suisse. Had UBC meeting. Met Akshansh, Divjot, Anika, and Deeksha on the way. Slept over at Varun's. Watched Run. Met Aamir too. Didn't sleep all night",,,,,,,,,,,,,,,,,,,,,,,
Tuesday,07/05/2022,"Credit Suisse. Met Advaith, Advik, Akshansh, Aamir, Saket, and Seshadri at the pool. Ate from maya a bit. Enjoyed.",,,,,,,,,,,,,,,,,,,,,,,
Wednesday,07/06/2022,Credit Suisse. COURSE REGISTRATION.,,,,,,,,,,,,,,,,,,,,,,,
Thursday,07/07/2022,credit suisse got over. CLIENT SIMULATION AND DID RELATIONSHIP MANAGER POSITION,,,,,,,,,,,,,,,,,,,,,,,
Friday,07/08/2022,IKEA Breakfast with bua pupaji. went around ikea,,,,,,,,,,,,,,,,,,,,,,,
Saturday,07/09/2022,"Met Sakshi Samiksha, went to kefi cafe and played board games. Met their family in the evening. Played guitar too.",,,,,,,,,,,,,,,,,,,,,,,
Sunday,07/10/2022,played uncharted lost legacy. met dwayne and family in the evening.,,,,,,,,,,,,,,,,,,,,,,,
Monday,07/11/2022,"watched man in the high castle. slept for 4 hours in afternoon. gymmed, met advik and had chilli chicken porotta. Chilled at the swimming pool",,,,,,,,,,,,,,,,,,,,,,,
Tuesday,07/12/2022,"worked in dtec, went for gymming late night, watched odi ind vs eng. came back by metro from office.",,,,,,,,,,,,,,,,,,,,,,,
Wednesday,07/13/2022,didnt go for work. helped mama. set up and played wii. went for gym and started gymming. Chilled with Advik in pool and played splendor and lost,,,,,,,,,,,,,,,,,,,,,,,
Thursday,07/14/2022,"Slept after dtec. Went to play cricket with Maanas, Mrudav, Varun, and Nathan. Watched match a bit and slept",,,,,,,,,,,,,,,,,,,,,,,
Friday,07/15/2022,"Bua,Pupaji,Priyanka and Co came over. Had amazing food. Played Wii, ate a lot, got emirates ID and papa picked me up from office. Played a bit of ps4 at night",,,,,,,,,,,,,,,,,,,,,,,
Saturday,07/16/2022,"mama left to India. Came back home, watched a show. Went to COCACOLA  Arena and watched Saleem-Sulaiman and others perform. It was amazing. Idea: me singing and ria dancing orignated today. Lets see if it happns in the future",,,,,,,,,,,,,,,,,,,,,,,
Sunday,07/17/2022,"cardio, chilled with Ria, had chicken with her and watched sidemen, sent ubc emails and course stuff. PAPAS CANADA APPLICATION SENT, gymmed, watched  indias match with papa, played little bit ps4 and slept.",,,,,,,,,,,,,,,,,,,,,,,
Monday,07/18/2022,came with Reena who had a small car problem. Went to dentist with papa. Had Falafel sandwich. ,,,,,,,,,,,,,,,,,,,,,,,
Tuesday,07/19/2022,"Came from dtec with Reena. Walked from Mai Tower. Went for short gym with Nathan. Swam with Maanas, Nathan, Advik, Mrudav. Ate at Jabal Al Noor.",,,,,,,,,,,,,,,,,,,,,,,
Wednesday,07/20/2022,"went to Adviks house in the morning. Played valo, watched a movie and ate Pizza. short gym sesh, met Umang and Nikki. Played Wii, codenames and ate chinchaus",,,,,,,,,,,,,,,,,,,,,,,
Thursday,07/21/2022,Took a horrible bus while coming back. slept then went to the gym. Played Mario with Ria,,,,,,,,,,,,,,,,,,,,,,,
Friday,07/22/2022,"Omar said to work from home. Played Stray, got my vaccination done, went to Bua's house in the evening, played codenames",,,,,,,,,,,,,,,,,,,,,,,
Saturday,07/23/2022,"Went to meet Hamdan, Siraj Mehek, Vignesh and Mehek. Went for swimming with Papa in the evening. Played Mario bros with Ria then Slept",,,,,,,,,,,,,,,,,,,,,,,
Sunday,07/24/2022,"Went for CPR training, slept for 2 hours, went to Cairopractioner, corrected spine to an extent, met advik and mrudav, had shawarma, played a bit of stray and slept.",,,,,,,,,,,,,,,,,,,,,,,
Monday,07/25/2022,"azizi asks for us to pay property, ",,,,,,,,,,,,,,,,,,,,,,,
Tuesday,07/26/2022,papa and I go to Hitesh in the morning to check azizi. Mama comes back. I spend time with mama,,,,,,,,,,,,,,,,,,,,,,,
Wednesday,07/27/2022,"came back from dtec, went to gym, went with advik, mrudav, and Aditya to mamzar when it was drizlling.",,,,,,,,,,,,,,,,,,,,,,,
Thursday,07/28/2022,"went to A5 sleeping pod and slept for a few hours. mama, papa, ria went to Azizi to discuss about the house. Mama got hairline sprain. went to adviks house becuase no keys. came back and put a movie for mama, papa, ria. went to the gym and met nakul after.",,,,,,,,,,,,,,,,,,,,,,,
Friday,07/29/2022,"dadi's 16th death anniversary.  paid 86,000 to azizi, played wii with mama and ria, watched india vs wi t20 and had shawarma and foodles.",,,,,,,,,,,,,,,,,,,,,,,
Saturday,07/30/2022,"went to Sahara, selected Rias shoes and bought some stuff for us. Had kfc.",,,,,,,,,,,,,,,,,,,,,,,
Sunday,07/31/2022,"want to meet salem, had filipino food, played ps4 and watched sidemen. Met bua pupaji in the evening.",,,,,,,,,,,,,,,,,,,,,,,
Monday,08/01/2022,"went to dtec, came back early with mama papa, doing VSE tasks, played valo, went to the gym with dwayne and introduced him to nakul.",,,,,,,,,,,,,,,,,,,,,,,
Tuesday,08/02/2022,"went to dtec, came back and slept, went to the gym with dwayna and kabil, played ps4 with das and justin. met nakul for 5 minutes and slept.",,,,,,,,,,,,,,,,,,,,,,,
Wednesday,08/03/2022,took off. got up at 10 and missed econ meeting. went to gym at 3. Went for Scoopie. Went with papa for talk for shawarmas.,,,,,,,,,,,,,,,,,,,,,,,
Thursday,08/04/2022,big goodbyes to everyone at dtec. Came back with Reena and made them listen to some of my music. Slept then gymmed. Played splendor and spot it with family.,,,,,,,,,,,,,,,,,,,,,,,
Friday,08/05/2022,my birthday. Went to Taj Palace. waited for ria. Went for Absolute Barbecue. Went to Blue waters. Came back and slept. Played PS4 and Valo,,,,,,,,,,,,,,,,,,,,,,,
Saturday,08/06/2022,"Went for shopping with Nakul. Bought really good shoes and pants. Had KFC. Gave laptop for serviving. Ria and mama went to taylor, went to shop and save. STARTED PACKING",,,,,,,,,,,,,,,,,,,,,,,
Sunday,08/07/2022,"Had Thai Rice and aloo ki sabzi and puri. Met all my friends. Ahmed and I walked to Sahara and gave him a treat in laffah. Went for bowling and came firsrt in second game! Friends came home for 10 mins then went for swimming till 7:30. Then played pool for an hour and then ate charcoal biryani and then dropped ahmed to his house in MAHADEVS CAR. Ria, mama papa went to kinokuniya. Saw Dark with Ria at night",,,,,,,,,,,,,,,,,,,,,,,
Monday,08/08/2022,Went to Dolphinarium  and creek park. HAD CHINCHAUS. Finished Dark Knight. Mama made bread roll and lauki.,,,,,,,,,,,,,,,,,,,,,,,
Tuesday,08/09/2022,"RIa mama took to atlantis. They went to Kepinski for coffee. Ria got a call from sc jignesh for job offer. Ria went for eye. also i want to aquaventure, taxi, large pizza in moe. Came back by metro and then met dwayne anurag and husam down for pool.",,,,,,,,,,,,,,,,,,,,,,,
Wednesday,08/10/2022,went to sahara. Bought glasses and blendjet for Ria. Back and bis day,,,,,,,,,,,,,,,,,,,,,,,
Thursday,08/11/2022,"Rakshabandhan. Went to buas house and ate a lot. Got the book ""rich dad poor dad"" and a table tennis racket! Felt very sick after coming.",,,,,,,,,,,,,,,,,,,,,,,
Friday,08/12/2022,GOT MY CHEQUE - 3056. Played Wii in the night. I finished Stray. Good lazy day. Started miles morales. read a bit of the book. Watched an episode of friends. Felt sick the whole day,,,,,,,,,,,,,,,,,,,,,,,
Saturday,08/13/2022,"justin and advik came over, valorant setup. gave treat of shawarma to justin. Chilled with him and nakul at the top. Met mrudav and seshadri at veg dine. met advik after. went on a walk with nakul and then showed him this journal.",,,,,,,,,,,,,,,,,,,,,,,
Sunday,08/14/2022,finalized packing. played wii and mama won bowling. went for a haircut. flight got delayed by 2 hours to 3am,,,,,,,,,,,,,,,,,,,,,,,
Monday,08/15/2022,travelling. watched encanto and read rich dad poor dad. finished never have i ever. met Sunita Mausi and had Ice cream,,,,,,,,,,,,,,,,,,,,,,,
Tuesday,08/16/2022,helped bhupi nana with buying a phone. Met Tanushi and Ridhi Mausi at apple Had a subway and ice cream. Came back and slept till 10. Showed Amit Mama the PS4.,,,,,,,,,,,,,,,,,,,,,,,
Wednesday,08/17/2022,Helped Bhupi Nana with the pole and lights. Went to Walmart to buy some stuff. Sent VSE Forms.  Met Govind Mathur and his wife. Slept at Ravi Nanaes,,,,,,,,,,,,,,,,,,,,,,,
Thursday,08/18/2022,Finished VSE PPT. Went to Surrey Central and SFU Surrey by metro. Went to the temple by bus. Stayed there for 4 hours. Had no charge after 8 lol. Tasty food,,,,,,,,,,,,,,,,,,,,,,,
Friday,08/19/2022,Went for a walk in the morning. Helped Ravi Nana with the Bathroom's glass door. Played a bit of badminton with them. Went to UBC. Met a lot of people in Browns and Nakuls place. Met Dua in mercante. Met Niko and Saran and went to Nitobe late at night.,,,,,,,,,,,,,,,,,,,,,,,
Saturday,08/20/2022,"Came back by bus. Got picked up at Ravi Nanas and went to Bhupi Nanas to help him setup. Put the boards, bricks etc. Met a lot of people in the event. Sang and slept",,,,,,,,,,,,,,,,,,,,,,,
Sunday,08/21/2022,Moved in. Met my team. Set up my room ,,,,,,,,,,,,,,,,,,,,,,,
Monday,08/22/2022,"Played table tennis and basketball at night with xya, peter, and umang. Met dua and hajira for a bit at night.",,,,,,,,,,,,,,,,,,,,,,,
Tuesday,08/23/2022,Had lunch at Vanier then went to sessions. Went to the dollar store to buy hangers. Came back and had dinner. Setup my room and had an econ meeting. Went with Nakul and chirath in the car.. Got my fridge. Had ice cream. Met Ronak abinav and Aradhya. Came back and slept.,,,,,,,,,,,,,,,,,,,,,,,
Wednesday,08/24/2022,Got up late and ran to the orientation. grabbed a drink from tims. Went for another session then went to Vanier to eat food. Did some work after in Sauder,,,,,,,,,,,,,,,,,,,,,,,
Thursday,08/25/2022,went downtown with peter and umang by evo. Had a lot of fun at belmont. sang the song supermarket flowers in the ballroom,,,,,,,,,,,,,,,,,,,,,,,
Friday,08/26/2022,sessions whole day. was very sleepy. played musical chairs and hide and seek. slept early,,,,,,,,,,,,,,,,,,,,,,,
Saturday,08/27/2022,jumpstart and move in day. meeting at night with residents and social thing. played games with them outside ces.,,,,,,,,,,,,,,,,,,,,,,,
Sunday,08/28/2022,went to whistler and squamish. amazing views. pushed ansh in the water. played a bit of ps at night.,,,,,,,,,,,,,,,,,,,,,,,
Monday,08/29/2022,"got the cycle ready, got the toaster-griller but couldnt find my blankets and pillows. left and reached a bit late for sesh. med dwayne, niko, peter, and umang. played tt and pool.",,,,,,,,,,,,,,,,,,,,,,,
Tuesday,08/30/2022,Had the CBE meeting. Went to the gym with peter,,,,,,,,,,,,,,,,,,,,,,,
Wednesday,08/31/2022,played badminton. Had the AO formal event. Had some mojitos and long island iced tea. Took lot of pictures. Came back and met aradhya and his friend. Played some tt with peter. Slept,,,,,,,,,,,,,,,,,,,,,,,
Thursday,09/01/2022,played basketball with Abishek. Went to the gym. Met Dua and she came over. Met niko and saran too.,,,,,,,,,,,,,,,,,,,,,,,
Friday,09/02/2022,played badminton. Had the AO formal event. Had some mojitos and long island iced tea. Took lot of pictures. Came back and met aradhya and his friend. Played some tt with peter. Slept,,,,,,,,,,,,,,,,,,,,,,,
Saturday,09/03/2022,Had duty in the morning. Walked to life and came back for no reason. Did the duty with Kyle. Met pranav and dean. Slept. Did the community meeting and decided on a monopoly theme. Gymmed a bit in totem. Played some TT with Umang and Eva. Some Vse work.,,,,,,,,,,,,,,,,,,,,,,,
Sunday,09/04/2022,went to the frat with muskan. killed two spiders in my room. set up wealthsimple account,,,,,,,,,,,,,,,,,,,,,,,
Monday,09/05/2022,"in night. had some vseus meetings, played a bit of cluedo and met jeba",,,,,,,,,,,,,,,,,,,,,,,
Tuesday,09/06/2022,imagine day! signed up for some clubs. got a sweatshirt and bottle,,,,,,,,,,,,,,,,,,,,,,,
Wednesday,09/07/2022,"first day of classes. went for econ, gymmed with pranav. went to the pit for a bit",,,,,,,,,,,,,,,,,,,,,,,
Thursday,09/08/2022,movie night in the floor. chilled with kashish and all,,,,,,,,,,,,,,,,,,,,,,,
Friday,09/09/2022,played badminton and cricket. went to frats with adi,,,,,,,,,,,,,,,,,,,,,,,
Saturday,09/10/2022,had maggi night and had a funny incident during rounds.,,,,,,,,,,,,,,,,,,,,,,,
Sunday,09/11/2022,"got the bike from amit mamas, played table tennis and had mexican food. Studied with Arshiya. ",,,,,,,,,,,,,,,,,,,,,,,
Monday,09/12/2022,"bubble soccer and met adi and gaurav, btm and stm. umang, xya, and priscilla came to my room. studied at night",,,,,,,,,,,,,,,,,,,,,,,
Tuesday,09/13/2022,breakfast with umang and eva. went to food services to pay the bill. went to walter koerner to study and missed my math class. met kashish and shourya after dsci and had food at feast,,,,,,,,,,,,,,,,,,,,,,,
Wednesday,09/14/2022,"lot of work, in night and vseus meetings. slept early",,,,,,,,,,,,,,,,,,,,,,,
Thursday,09/15/2022,"first vseus event at night, got cookies from the nest. reached vseus by 6. went very smooth and took pictures",,,,,,,,,,,,,,,,,,,,,,,
Friday,09/16/2022,ate with nour in the morning. went downtown with adi. Canada place and burrard street. saw some cool restaurants. came back and went to adis place. went to the frats for a bit. came back and slept,,,,,,,,,,,,,,,,,,,,,,,
Saturday,09/17/2022,"got up around 10, did dsci homework. went to the gym, in night so came back at and then applied for jobs",,,,,,,,,,,,,,,,,,,,,,,
Sunday,09/18/2022,,,,,,,,,,,,,,,,,,,,,,,,
Monday,09/19/2022,,,,,,,,,,,,,,,,,,,,,,,,
Tuesday,09/20/2022,,,,,,,,,,,,,,,,,,,,,,,,
Wednesday,09/21/2022,"had a chat with emrul hasan. Met anmol on the way to the event. Studied a bit with gurjas, dhruv, and pranay. Went to Adi, gaurav, and chris's place for the night",,,,,,,,,,,,,,,,,,,,,,,
Thursday,09/22/2022,Did the floor event. Went well with 12 people; Kahoot and everything. Met husam for a bit. ,,,,,,,,,,,,,,,,,,,,,,,
Friday,09/23/2022,"Was in, Watched do revenge at night. Gymmed with stall and had dunlows chicken fear the reaper. Met farrah for a bit. met ruth vidith taarini for a bit.",,,,,,,,,,,,,,,,,,,,,,,
Saturday,09/24/2022,Got up late. Went and ate with Umang. Played a bit of table tennis and pool. Went for the longboat practice. Met Erin. Came back and studied a bit. Went for Nikos thing. Came back and ordered dominos,,,,,,,,,,,,,,,,,,,,,,,
Sunday,09/25/2022,Got up late. Studied math in the morning. Went for the Case competition event. Had a lot of fun. Met Kriti and Chanya. Need to get my reimbursement for the event.,,,,,,,,,,,,,,,,,,,,,,,
Thursday,09/29/2022,went for thr real estate event. came back and went to adis place. lost wallet and found it. Slept late,,,,,,,,,,,,,,,,,,,,,,,
Friday,09/30/2022,"truth reconciliation day. did event then slept. Met tanaya and studied. went for a bike ride then met kriti. Ate at feast, went to the parking to blast music, and climbed over nitobe fences, stayed at the garden.",,,,,,,,,,,,,,,,,,,,,,,
Saturday,10/01/2022,"went for longboating and capsized second time. came back and studied. slept for a bit then went to the gym, came back ate food and studied a bit more. spent time with nubh",,,,,,,,,,,,,,,,,,,,,,,
,,,,,,,,,,,,,,,,,,,,,,,,,
,,,,,,,,,,,,,,,,,,,,,,,,,
,,Just stopped lol,,,,,,,,,,,,,,,,,,,,,,,
,,,,,,,,,,,,,,,,,,,,,,,,,
Friday ,12/22/2022,"Went to twelve west for Shariq, Pratham, Chris. Had a lot of fun. ",,,,,,,,,,,,,,,,,,,,,,,
Saturday ,12/23/2022,Moved out from totem to carrey. Chilled with Chris for a bit. ,,,,,,,,,,,,,,,,,,,,,,,
Sunday,12/24/2022,"Went for Avatar 2 with Rishav, Cash, Shivansh and all. Then went to Cash's place and chilled with them. Had a lot of fun. Came back pretty late with Chris. Got a shitty haircut",,,,,,,,,,,,,,,,,,,,,,,
Monday,12/25/2022,Went downtown with Amit Mama and everyone. Went to Bellajio Cafe and tried a lamborghinni hot chocolate. Checked out some hotels and a christmas kinda thing. Went back to burnaby and celeberated christmas. Had very tasty food and got the google home as a gift. ,,,,,,,,,,,,,,,,,,,,,,,
Tuesday,12/26/2022,Went in the morning to get Ansh a new phone. Met Atish uncle and everyone. Went for ice skating to shipyards. Took pictures and the view was beautiful. Played cards at night,,,,,,,,,,,,,,,,,,,,,,,
Wednesday,12/27/2022,Went for back to ubc. Had a Shawarma and watched gangs of Wasipur,,,,,,,,,,,,,,,,,,,,,,,
Thursday,12/28/2022,"played cricket, went for football with dhruva, went for ice skating with Tarvin, came back and watched cloudy with a change of meatballs with shariq",,,,,,,,,,,,,,,,,,,,,,,
Friday,12/29/2022,,,,,,,,,,,,,,,,,,,,,,,,
Saturday,12/30/2022,"Went to Surrey to meet Vaibhav. Went to a Surrey mall and had chicken currey. Met Vaibhav, Shreya and Aarnav. Had food at Yellow Chilli and then went to Vaibhav's place. Watched Glass onion and had maggi. Slept really late",,,,,,,,,,,,,,,,,,,,,,,
Sunday,12/31/2022,"Went to Granville Island and met tarvin etc. Went to afghan palace and then dipped and went to mcds. Skated with aradhya, Tarvin, and Vaibhav. Went to English Bay at 10 and then gage. ",,,,,,,,,,,,,,,,,,,,,,,
Monday,1/1/2023,Went for a walk with Aadhar. Watched Last night in Soho. Played Cricket too i think,,,,,,,,,,,,,,,,,,,,,,,
Tuesday,1/2/2023,"Amit Mama and everyone comes to UBC, go to wreck beach, played a bit of cricket, had dunlows and kinton, checked out the golf range, went back to burnaby and then watched drishyam 2",,,,,,,,,,,,,,,,,,,,,,,
Wednesday,1/3/2023,got up slightly late and did nothing literally. Went out in the evening and played a bit of cricket. Met Kavin and Kyaan in the afternoon. Watched Badla in the hot tub.,,,,,,,,,,,,,,,,,,,,,,,
Thursday,1/4/2023,Came back to ubc and played a bit of cricket. Dua had some problem so tried to help her. It became worse so went to her place. Came back went to gage for a bit and had a shit time. Went back home and spoke to aadi about it. Watched a bit of Wednesday and slept,,,,,,,,,,,,,,,,,,,,,,,
Friday,1/5/2023,"Chris came back in the afternoon. Went to the gym, then went to ikb and did some work. came back and slept",,,,,,,,,,,,,,,,,,,,,,,
Saturday,1/6/2023,Went to the gym and puru came over. Did a maggi tasting test and watched some shittty gal gadot movie.,,,,,,,,,,,,,,,,,,,,,,,
Sunday,1/7/2023,Went to acadia beach and played fifa. Dwayne came and went Shariqs. Learnt how to play poker. played rocket league. went to gage and played pool and tt. Met yasin and ankit. Came back home and slept,,,,,,,,,,,,,,,,,,,,,,,
Monday,1/8/2023,Moved from carey to totem. Unpacked and set up my room. Played some fifa with nubbh. Went for sign in then slept. Got up in the middle of the night and watched a show,,,,,,,,,,,,,,,,,,,,,,,
Tuesday,1/9/2023,"Got up at 11:30 am, ate at oc and went for class. Went to the gym and did shoulders and wrist. Went for class then met Manal and Khushi. RA meeting bingo night. Ate dinner and went back to room",,,,,,,,,,,,,,,,,,,,,,,
Wednesday,1/10/2023,"GO TO ARTS ADVISING TOMORROW AFTER CLASS. Went for a jog and got real tired. Messed up the day. Missed first class then went for cpsc. Ate rice cake burger, came back and slept. got up, went to marine to study, met rishav and sunny",,,,,,,,,,,,,,,,,,,,,,,
Thursday,1/11/2023,3 - 4 ARTS COOP BUCHANAN B309,,,,,,,,,,,,,,,,,,,,,,,
Friday,1/13/2023,,,,,,,,,,,,,,,,,,,,,,,,
Saturday,1/14/2023,"In night, watched Doctor G. Went to the gym. Met Saahil and Saumya.",,,,,,,,,,,,,,,,,,,,,,,
Sunday,1/15/2023,"Played Golf, then went to shariqs to play poker. Then went to a korean restaurant. Then went to Roxy club and came back and watched Black Adam",,,,,,,,,,,,,,,,,,,,,,,
Monday,1/16/2023,"went for math class, placed an order at. Tim's, went to the gym went for stats class went back to or hard ate food has committee meeting chilled with nubh, had small team meeting",,,,,,,,,,,,,,,,,,,,,,,
Tuesday,1/17/2023,"went for cpsc class, met bastin, went to ikb and met Luke, had my vseus event and then came back with donuts",,,,,,,,,,,,,,,,,,,,,,,
Wednesday,1/18/2023,"went for toastmasters session, met Chris and Gaurav and went to Karams at wesbrook, came back and ps4 stopped working",,,,,,,,,,,,,,,,,,,,,,,
Thursday,1/19/2023,stayed at home the whole day,,,,,,,,,,,,,,,,,,,,,,,
Friday,1/20/2023,,,,,,,,,,,,,,,,,,,,,,,,
Saturday,1/21/2023,"Shreya and Diyas party at night, Examlet and conference in the day",,,,,,,,,,,,,,,,,,,,,,,
Sunday,1/22/2023,"Hungover, go to orchard to study with medha and manan, order dominos and sleep",,,,,,,,,,,,,,,,,,,,,,,
Monday,1/23/2023,Classes,,,,,,,,,,,,,,,,,,,,,,,
Tuesday,1/24/2023,,,,,,,,,,,,,,,,,,,,,,,,
Wednesday,1/25/2023,,,,,,,,,,,,,,,,,,,,,,,,
Thursday,1/26/2023,"Went for the UTSAV party with shubham, umang dicya and all. Best party ever. Came back and ate dominos",,,,,,,,,,,,,,,,,,,,,,,
Friday,1/27/2023,went for class had one on one and slept and studied at home and has an in night,,,,,,,,,,,,,,,,,,,,,,,
Saturday,1/28/2023,studied computer science and did the potds.,,,,,,,,,,,,,,,,,,,,,,,
Sunday,1/29/2023,Went to kits with muskan and ate at kings home. It was really cold. Came back and in night slept early,,,,,,,,,,,,,,,,,,,,,,,
Monday,1/30/2023,Went for classes then studied with shariq and koerner. checked out the eosc museum then studied at ikb with Chris and Shariq. Ate uncle fatihs watched sidemen and slept,,,,,,,,,,,,,,,,,,,,,,,
Tuesday,1/31/2023,Went for cpsc and didn't understand anything. ,,,,,,,,,,,,,,,,,,,,,,,
Monday,5/22/2023,"mama's graduation, amritsar",,,,,,,,,,,,,,,,,,,,,,,
Tuesday,5/23/2023,,,,,,,,,,,,,,,,,,,,,,,,
Wednesday,5/24/2023,"top golf, pool, beach",,,,,,,,,,,,,,,,,,,,,,,
Thursday,5/25/2023,"day driving class, karaoke set and music, now you see me",,,,,,,,,,,,,,,,,,,,,,,
Friday,5/26/2023,"started actually learning about dropshipping, badminton, night driving class, semi final ipl",,,,,,,,,,,,,,,,,,,,,,,
Saturday,5/27/2023,,,,,,,,,,,,,,,,,,,,,,,,
Sunday,5/28/2023,,,,,,,,,,,,,,,,,,,,,,,,
Monday,5/29/2023,,,,,,,,,,,,,,,,,,,,,,,,
Monday,03/07/2023,made my linkedin profile better and Ria's first day at NBB.,,,,,,,,,,,,,,,,,,,,,,,
,,,,,,,,,,,,,,,,,,,,,,,,,
,,,,,,,,,,,,,,,,,,,,,,,,,
,,,,,,,,,,,,,,,,,,,,,,,,,
,,,,,,,,,,,,,,,,,,,,,,,,,
,,,,,,,,,,,,,,,,,,,,,,,,,
,,,,,,,,,,,,,,,,,,,,,,,,,
,,,,,,,,,,,,,,,,,,,,,,,,,
,,,,,,,,,,,,,,,,,,,,,,,,,
,,,,,,,,,,,,,,,,,,,,,,,,,
,,,,,,,,,,,,,,,,,,,,,,,,,
,,,,,,,,,,,,,,,,,,,,,,,,,
,,,,,,,,,,,,,,,,,,,,,,,,,
,,,,,,,,,,,,,,,,,,,,,,,,,
,,,,,,,,,,,,,,,,,,,,,,,,,
,,,,,,,,,,,,,,,,,,,,,,,,,
,,,,,,,,,,,,,,,,,,,,,,,,,
,,,,,,,,,,,,,,,,,,,,,,,,,
,,,,,,,,,,,,,,,,,,,,,,,,,
,,,,,,,,,,,,,,,,,,,,,,,,,
,,,,,,,,,,,,,,,,,,,,,,,,,
,,,,,,,,,,,,,,,,,,,,,,,,,
,,,,,,,,,,,,,,,,,,,,,,,,,
,,,,,,,,,,,,,,,,,,,,,,,,,
,,,,,,,,,,,,,,,,,,,,,,,,,
,,,,,,,,,,,,,,,,,,,,,,,,,
,,,,,,,,,,,,,,,,,,,,,,,,,
,,,,,,,,,,,,,,,,,,,,,,,,,
,,,,,,,,,,,,,,,,,,,,,,,,,
,,,,,,,,,,,,,,,,,,,,,,,,,
,,,,,,,,,,,,,,,,,,,,,,,,,
,,,,,,,,,,,,,,,,,,,,,,,,,
,,,,,,,,,,,,,,,,,,,,,,,,,
,,,,,,,,,,,,,,,,,,,,,,,,,
,,,,,,,,,,,,,,,,,,,,,,,,,
,,,,,,,,,,,,,,,,,,,,,,,,,
,,,,,,,,,,,,,,,,,,,,,,,,,
,,,,,,,,,,,,,,,,,,,,,,,,,
,,,,,,,,,,,,,,,,,,,,,,,,,
,,,,,,,,,,,,,,,,,,,,,,,,,
,,,,,,,,,,,,,,,,,,,,,,,,,
,,,,,,,,,,,,,,,,,,,,,,,,,
,,,,,,,,,,,,,,,,,,,,,,,,,
,,,,,,,,,,,,,,,,,,,,,,,,,
,,,,,,,,,,,,,,,,,,,,,,,,,
,,,,,,,,,,,,,,,,,,,,,,,,,
,,,,,,,,,,,,,,,,,,,,,,,,,
,,,,,,,,,,,,,,,,,,,,,,,,,
,,,,,,,,,,,,,,,,,,,,,,,,,
,,,,,,,,,,,,,,,,,,,,,,,,,
,,,,,,,,,,,,,,,,,,,,,,,,,
,,,,,,,,,,,,,,,,,,,,,,,,,
,,,,,,,,,,,,,,,,,,,,,,,,,
,,,,,,,,,,,,,,,,,,,,,,,,,
,,,,,,,,,,,,,,,,,,,,,,,,,
,,,,,,,,,,,,,,,,,,,,,,,,,
,,,,,,,,,,,,,,,,,,,,,,,,,
,,,,,,,,,,,,,,,,,,,,,,,,,
,,,,,,,,,,,,,,,,,,,,,,,,,
,,,,,,,,,,,,,,,,,,,,,,,,,
,,,,,,,,,,,,,,,,,,,,,,,,,
,,,,,,,,,,,,,,,,,,,,,,,,,
,,,,,,,,,,,,,,,,,,,,,,,,,
,,,,,,,,,,,,,,,,,,,,,,,,,
,,,,,,,,,,,,,,,,,,,,,,,,,
,,,,,,,,,,,,,,,,,,,,,,,,,
,,,,,,,,,,,,,,,,,,,,,,,,,
,,,,,,,,,,,,,,,,,,,,,,,,,
,,,,,,,,,,,,,,,,,,,,,,,,,
,,,,,,,,,,,,,,,,,,,,,,,,,
,,,,,,,,,,,,,,,,,,,,,,,,,
,,,,,,,,,,,,,,,,,,,,,,,,,
,,,,,,,,,,,,,,,,,,,,,,,,,
,,,,,,,,,,,,,,,,,,,,,,,,,
,,,,,,,,,,,,,,,,,,,,,,,,,
,,,,,,,,,,,,,,,,,,,,,,,,,
,,,,,,,,,,,,,,,,,,,,,,,,,
,,,,,,,,,,,,,,,,,,,,,,,,,
,,,,,,,,,,,,,,,,,,,,,,,,,
,,,,,,,,,,,,,,,,,,,,,,,,,
,,,,,,,,,,,,,,,,,,,,,,,,,
,,,,,,,,,,,,,,,,,,,,,,,,,
,,,,,,,,,,,,,,,,,,,,,,,,,
,,,,,,,,,,,,,,,,,,,,,,,,,
,,,,,,,,,,,,,,,,,,,,,,,,,
,,,,,,,,,,,,,,,,,,,,,,,,,
,,,,,,,,,,,,,,,,,,,,,,,,,
,,,,,,,,,,,,,,,,,,,,,,,,,
,,,,,,,,,,,,,,,,,,,,,,,,,
,,,,,,,,,,,,,,,,,,,,,,,,,
,,,,,,,,,,,,,,,,,,,,,,,,,
,,,,,,,,,,,,,,,,,,,,,,,,,
,,,,,,,,,,,,,,,,,,,,,,,,,
,,,,,,,,,,,,,,,,,,,,,,,,,
,,,,,,,,,,,,,,,,,,,,,,,,,
,,,,,,,,,,,,,,,,,,,,,,,,,
,,,,,,,,,,,,,,,,,,,,,,,,,
,,,,,,,,,,,,,,,,,,,,,,,,,
,,,,,,,,,,,,,,,,,,,,,,,,,
,,,,,,,,,,,,,,,,,,,,,,,,,
,,,,,,,,,,,,,,,,,,,,,,,,,
,,,,,,,,,,,,,,,,,,,,,,,,,
,,,,,,,,,,,,,,,,,,,,,,,,,
,,,,,,,,,,,,,,,,,,,,,,,,,
,,,,,,,,,,,,,,,,,,,,,,,,,
,,,,,,,,,,,,,,,,,,,,,,,,,
,,,,,,,,,,,,,,,,,,,,,,,,,
,,,,,,,,,,,,,,,,,,,,,,,,,
,,,,,,,,,,,,,,,,,,,,,,,,,
,,,,,,,,,,,,,,,,,,,,,,,,,
,,,,,,,,,,,,,,,,,,,,,,,,,
,,,,,,,,,,,,,,,,,,,,,,,,,
,,,,,,,,,,,,,,,,,,,,,,,,,
,,,,,,,,,,,,,,,,,,,,,,,,,
,,,,,,,,,,,,,,,,,,,,,,,,,
,,,,,,,,,,,,,,,,,,,,,,,,,
,,,,,,,,,,,,,,,,,,,,,,,,,
,,,,,,,,,,,,,,,,,,,,,,,,,
,,,,,,,,,,,,,,,,,,,,,,,,,
,,,,,,,,,,,,,,,,,,,,,,,,,
,,,,,,,,,,,,,,,,,,,,,,,,,
,,,,,,,,,,,,,,,,,,,,,,,,,
,,,,,,,,,,,,,,,,,,,,,,,,,
,,,,,,,,,,,,,,,,,,,,,,,,,
,,,,,,,,,,,,,,,,,,,,,,,,,
,,,,,,,,,,,,,,,,,,,,,,,,,
,,,,,,,,,,,,,,,,,,,,,,,,,
,,,,,,,,,,,,,,,,,,,,,,,,,
,,,,,,,,,,,,,,,,,,,,,,,,,
,,,,,,,,,,,,,,,,,,,,,,,,,
,,,,,,,,,,,,,,,,,,,,,,,,,
,,,,,,,,,,,,,,,,,,,,,,,,,
,,,,,,,,,,,,,,,,,,,,,,,,,
,,,,,,,,,,,,,,,,,,,,,,,,,
,,,,,,,,,,,,,,,,,,,,,,,,,
,,,,,,,,,,,,,,,,,,,,,,,,,
,,,,,,,,,,,,,,,,,,,,,,,,,
,,,,,,,,,,,,,,,,,,,,,,,,,
,,,,,,,,,,,,,,,,,,,,,,,,,
,,,,,,,,,,,,,,,,,,,,,,,,,
,,,,,,,,,,,,,,,,,,,,,,,,,
,,,,,,,,,,,,,,,,,,,,,,,,,
,,,,,,,,,,,,,,,,,,,,,,,,,
,,,,,,,,,,,,,,,,,,,,,,,,,
,,,,,,,,,,,,,,,,,,,,,,,,,
,,,,,,,,,,,,,,,,,,,,,,,,,
,,,,,,,,,,,,,,,,,,,,,,,,,
,,,,,,,,,,,,,,,,,,,,,,,,,
,,,,,,,,,,,,,,,,,,,,,,,,,
,,,,,,,,,,,,,,,,,,,,,,,,,
,,,,,,,,,,,,,,,,,,,,,,,,,
,,,,,,,,,,,,,,,,,,,,,,,,,
,,,,,,,,,,,,,,,,,,,,,,,,,
,,,,,,,,,,,,,,,,,,,,,,,,,
,,,,,,,,,,,,,,,,,,,,,,,,,
,,,,,,,,,,,,,,,,,,,,,,,,,
,,,,,,,,,,,,,,,,,,,,,,,,,
,,,,,,,,,,,,,,,,,,,,,,,,,
,,,,,,,,,,,,,,,,,,,,,,,,,
,,,,,,,,,,,,,,,,,,,,,,,,,
,,,,,,,,,,,,,,,,,,,,,,,,,
,,,,,,,,,,,,,,,,,,,,,,,,,
,,,,,,,,,,,,,,,,,,,,,,,,,
,,,,,,,,,,,,,,,,,,,,,,,,,
,,,,,,,,,,,,,,,,,,,,,,,,,
,,,,,,,,,,,,,,,,,,,,,,,,,
,,,,,,,,,,,,,,,,,,,,,,,,,
,,,,,,,,,,,,,,,,,,,,,,,,,
,,,,,,,,,,,,,,,,,,,,,,,,,
,,,,,,,,,,,,,,,,,,,,,,,,,
,,,,,,,,,,,,,,,,,,,,,,,,,
,,,,,,,,,,,,,,,,,,,,,,,,,
,,,,,,,,,,,,,,,,,,,,,,,,,
,,,,,,,,,,,,,,,,,,,,,,,,,
,,,,,,,,,,,,,,,,,,,,,,,,,
,,,,,,,,,,,,,,,,,,,,,,,,,
,,,,,,,,,,,,,,,,,,,,,,,,,
,,,,,,,,,,,,,,,,,,,,,,,,,
,,,,,,,,,,,,,,,,,,,,,,,,,
,,,,,,,,,,,,,,,,,,,,,,,,,
,,,,,,,,,,,,,,,,,,,,,,,,,
,,,,,,,,,,,,,,,,,,,,,,,,,
,,,,,,,,,,,,,,,,,,,,,,,,,
,,,,,,,,,,,,,,,,,,,,,,,,,
,,,,,,,,,,,,,,,,,,,,,,,,,
,,,,,,,,,,,,,,,,,,,,,,,,,
,,,,,,,,,,,,,,,,,,,,,,,,,
,,,,,,,,,,,,,,,,,,,,,,,,,
,,,,,,,,,,,,,,,,,,,,,,,,,
,,,,,,,,,,,,,,,,,,,,,,,,,
,,,,,,,,,,,,,,,,,,,,,,,,,
,,,,,,,,,,,,,,,,,,,,,,,,,
,,,,,,,,,,,,,,,,,,,,,,,,,
,,,,,,,,,,,,,,,,,,,,,,,,,
,,,,,,,,,,,,,,,,,,,,,,,,,
,,,,,,,,,,,,,,,,,,,,,,,,,
,,,,,,,,,,,,,,,,,,,,,,,,,
,,,,,,,,,,,,,,,,,,,,,,,,,
,,,,,,,,,,,,,,,,,,,,,,,,,
,,,,,,,,,,,,,,,,,,,,,,,,,
,,,,,,,,,,,,,,,,,,,,,,,,,
,,,,,,,,,,,,,,,,,,,,,,,,,
,,,,,,,,,,,,,,,,,,,,,,,,,
,,,,,,,,,,,,,,,,,,,,,,,,,
,,,,,,,,,,,,,,,,,,,,,,,,,
,,,,,,,,,,,,,,,,,,,,,,,,,
,,,,,,,,,,,,,,,,,,,,,,,,,
,,,,,,,,,,,,,,,,,,,,,,,,,
,,,,,,,,,,,,,,,,,,,,,,,,,
,,,,,,,,,,,,,,,,,,,,,,,,,
,,,,,,,,,,,,,,,,,,,,,,,,,
,,,,,,,,,,,,,,,,,,,,,,,,,
,,,,,,,,,,,,,,,,,,,,,,,,,
,,,,,,,,,,,,,,,,,,,,,,,,,
,,,,,,,,,,,,,,,,,,,,,,,,,
,,,,,,,,,,,,,,,,,,,,,,,,,
,,,,,,,,,,,,,,,,,,,,,,,,,
,,,,,,,,,,,,,,,,,,,,,,,,,
,,,,,,,,,,,,,,,,,,,,,,,,,
,,,,,,,,,,,,,,,,,,,,,,,,,
,,,,,,,,,,,,,,,,,,,,,,,,,
,,,,,,,,,,,,,,,,,,,,,,,,,
,,,,,,,,,,,,,,,,,,,,,,,,,
,,,,,,,,,,,,,,,,,,,,,,,,,
,,,,,,,,,,,,,,,,,,,,,,,,,
,,,,,,,,,,,,,,,,,,,,,,,,,
,,,,,,,,,,,,,,,,,,,,,,,,,
,,,,,,,,,,,,,,,,,,,,,,,,,
,,,,,,,,,,,,,,,,,,,,,,,,,
,,,,,,,,,,,,,,,,,,,,,,,,,
,,,,,,,,,,,,,,,,,,,,,,,,,
,,,,,,,,,,,,,,,,,,,,,,,,,
,,,,,,,,,,,,,,,,,,,,,,,,,
,,,,,,,,,,,,,,,,,,,,,,,,,
,,,,,,,,,,,,,,,,,,,,,,,,,
,,,,,,,,,,,,,,,,,,,,,,,,,
,,,,,,,,,,,,,,,,,,,,,,,,,
,,,,,,,,,,,,,,,,,,,,,,,,,
,,,,,,,,,,,,,,,,,,,,,,,,,
,,,,,,,,,,,,,,,,,,,,,,,,,
,,,,,,,,,,,,,,,,,,,,,,,,,
,,,,,,,,,,,,,,,,,,,,,,,,,
,,,,,,,,,,,,,,,,,,,,,,,,,
,,,,,,,,,,,,,,,,,,,,,,,,,
,,,,,,,,,,,,,,,,,,,,,,,,,
,,,,,,,,,,,,,,,,,,,,,,,,,
,,,,,,,,,,,,,,,,,,,,,,,,,
,,,,,,,,,,,,,,,,,,,,,,,,,
,,,,,,,,,,,,,,,,,,,,,,,,,
,,,,,,,,,,,,,,,,,,,,,,,,,
,,,,,,,,,,,,,,,,,,,,,,,,,
,,,,,,,,,,,,,,,,,,,,,,,,,
,,,,,,,,,,,,,,,,,,,,,,,,,
,,,,,,,,,,,,,,,,,,,,,,,,,
,,,,,,,,,,,,,,,,,,,,,,,,,
,,,,,,,,,,,,,,,,,,,,,,,,,
,,,,,,,,,,,,,,,,,,,,,,,,,
,,,,,,,,,,,,,,,,,,,,,,,,,
,,,,,,,,,,,,,,,,,,,,,,,,,
,,,,,,,,,,,,,,,,,,,,,,,,,
,,,,,,,,,,,,,,,,,,,,,,,,,
,,,,,,,,,,,,,,,,,,,,,,,,,
,,,,,,,,,,,,,,,,,,,,,,,,,
,,,,,,,,,,,,,,,,,,,,,,,,,
,,,,,,,,,,,,,,,,,,,,,,,,,
,,,,,,,,,,,,,,,,,,,,,,,,,
,,,,,,,,,,,,,,,,,,,,,,,,,
,,,,,,,,,,,,,,,,,,,,,,,,,
,,,,,,,,,,,,,,,,,,,,,,,,,
,,,,,,,,,,,,,,,,,,,,,,,,,
,,,,,,,,,,,,,,,,,,,,,,,,,
,,,,,,,,,,,,,,,,,,,,,,,,,
,,,,,,,,,,,,,,,,,,,,,,,,,
,,,,,,,,,,,,,,,,,,,,,,,,,
,,,,,,,,,,,,,,,,,,,,,,,,,
,,,,,,,,,,,,,,,,,,,,,,,,,
,,,,,,,,,,,,,,,,,,,,,,,,,
,,,,,,,,,,,,,,,,,,,,,,,,,
,,,,,,,,,,,,,,,,,,,,,,,,,
,,,,,,,,,,,,,,,,,,,,,,,,,
,,,,,,,,,,,,,,,,,,,,,,,,,
,,,,,,,,,,,,,,,,,,,,,,,,,
,,,,,,,,,,,,,,,,,,,,,,,,,
,,,,,,,,,,,,,,,,,,,,,,,,,
,,,,,,,,,,,,,,,,,,,,,,,,,
,,,,,,,,,,,,,,,,,,,,,,,,,
,,,,,,,,,,,,,,,,,,,,,,,,,
,,,,,,,,,,,,,,,,,,,,,,,,,
,,,,,,,,,,,,,,,,,,,,,,,,,
,,,,,,,,,,,,,,,,,,,,,,,,,
,,,,,,,,,,,,,,,,,,,,,,,,,
,,,,,,,,,,,,,,,,,,,,,,,,,
,,,,,,,,,,,,,,,,,,,,,,,,,
,,,,,,,,,,,,,,,,,,,,,,,,,
,,,,,,,,,,,,,,,,,,,,,,,,,
,,,,,,,,,,,,,,,,,,,,,,,,,
,,,,,,,,,,,,,,,,,,,,,,,,,
,,,,,,,,,,,,,,,,,,,,,,,,,
,,,,,,,,,,,,,,,,,,,,,,,,,
,,,,,,,,,,,,,,,,,,,,,,,,,
,,,,,,,,,,,,,,,,,,,,,,,,,
,,,,,,,,,,,,,,,,,,,,,,,,,
,,,,,,,,,,,,,,,,,,,,,,,,,
,,,,,,,,,,,,,,,,,,,,,,,,,
,,,,,,,,,,,,,,,,,,,,,,,,,
,,,,,,,,,,,,,,,,,,,,,,,,,
,,,,,,,,,,,,,,,,,,,,,,,,,
,,,,,,,,,,,,,,,,,,,,,,,,,
,,,,,,,,,,,,,,,,,,,,,,,,,
,,,,,,,,,,,,,,,,,,,,,,,,,
,,,,,,,,,,,,,,,,,,,,,,,,,
,,,,,,,,,,,,,,,,,,,,,,,,,
,,,,,,,,,,,,,,,,,,,,,,,,,
,,,,,,,,,,,,,,,,,,,,,,,,,
,,,,,,,,,,,,,,,,,,,,,,,,,
,,,,,,,,,,,,,,,,,,,,,,,,,
,,,,,,,,,,,,,,,,,,,,,,,,,
,,,,,,,,,,,,,,,,,,,,,,,,,
,,,,,,,,,,,,,,,,,,,,,,,,,
,,,,,,,,,,,,,,,,,,,,,,,,,
,,,,,,,,,,,,,,,,,,,,,,,,,
,,,,,,,,,,,,,,,,,,,,,,,,,
,,,,,,,,,,,,,,,,,,,,,,,,,
,,,,,,,,,,,,,,,,,,,,,,,,,
,,,,,,,,,,,,,,,,,,,,,,,,,
,,,,,,,,,,,,,,,,,,,,,,,,,
,,,,,,,,,,,,,,,,,,,,,,,,,
,,,,,,,,,,,,,,,,,,,,,,,,,
,,,,,,,,,,,,,,,,,,,,,,,,,
,,,,,,,,,,,,,,,,,,,,,,,,,
,,,,,,,,,,,,,,,,,,,,,,,,,
,,,,,,,,,,,,,,,,,,,,,,,,,
,,,,,,,,,,,,,,,,,,,,,,,,,
,,,,,,,,,,,,,,,,,,,,,,,,,
,,,,,,,,,,,,,,,,,,,,,,,,,
,,,,,,,,,,,,,,,,,,,,,,,,,
,,,,,,,,,,,,,,,,,,,,,,,,,
,,,,,,,,,,,,,,,,,,,,,,,,,
,,,,,,,,,,,,,,,,,,,,,,,,,
,,,,,,,,,,,,,,,,,,,,,,,,,
,,,,,,,,,,,,,,,,,,,,,,,,,
,,,,,,,,,,,,,,,,,,,,,,,,,
,,,,,,,,,,,,,,,,,,,,,,,,,
,,,,,,,,,,,,,,,,,,,,,,,,,
,,,,,,,,,,,,,,,,,,,,,,,,,
,,,,,,,,,,,,,,,,,,,,,,,,,
,,,,,,,,,,,,,,,,,,,,,,,,,
,,,,,,,,,,,,,,,,,,,,,,,,,
,,,,,,,,,,,,,,,,,,,,,,,,,
,,,,,,,,,,,,,,,,,,,,,,,,,
,,,,,,,,,,,,,,,,,,,,,,,,,
,,,,,,,,,,,,,,,,,,,,,,,,,
,,,,,,,,,,,,,,,,,,,,,,,,,
,,,,,,,,,,,,,,,,,,,,,,,,,
,,,,,,,,,,,,,,,,,,,,,,,,,
,,,,,,,,,,,,,,,,,,,,,,,,,
,,,,,,,,,,,,,,,,,,,,,,,,,
,,,,,,,,,,,,,,,,,,,,,,,,,
,,,,,,,,,,,,,,,,,,,,,,,,,
,,,,,,,,,,,,,,,,,,,,,,,,,
,,,,,,,,,,,,,,,,,,,,,,,,,
,,,,,,,,,,,,,,,,,,,,,,,,,
,,,,,,,,,,,,,,,,,,,,,,,,,
,,,,,,,,,,,,,,,,,,,,,,,,,
,,,,,,,,,,,,,,,,,,,,,,,,,
,,,,,,,,,,,,,,,,,,,,,,,,,
,,,,,,,,,,,,,,,,,,,,,,,,,
,,,,,,,,,,,,,,,,,,,,,,,,,
,,,,,,,,,,,,,,,,,,,,,,,,,
,,,,,,,,,,,,,,,,,,,,,,,,,
,,,,,,,,,,,,,,,,,,,,,,,,,
,,,,,,,,,,,,,,,,,,,,,,,,,
,,,,,,,,,,,,,,,,,,,,,,,,,
,,,,,,,,,,,,,,,,,,,,,,,,,
,,,,,,,,,,,,,,,,,,,,,,,,,
,,,,,,,,,,,,,,,,,,,,,,,,,
,,,,,,,,,,,,,,,,,,,,,,,,,
,,,,,,,,,,,,,,,,,,,,,,,,,
,,,,,,,,,,,,,,,,,,,,,,,,,
,,,,,,,,,,,,,,,,,,,,,,,,,
,,,,,,,,,,,,,,,,,,,,,,,,,
,,,,,,,,,,,,,,,,,,,,,,,,,
,,,,,,,,,,,,,,,,,,,,,,,,,
,,,,,,,,,,,,,,,,,,,,,,,,,
,,,,,,,,,,,,,,,,,,,,,,,,,
,,,,,,,,,,,,,,,,,,,,,,,,,
,,,,,,,,,,,,,,,,,,,,,,,,,
,,,,,,,,,,,,,,,,,,,,,,,,,
,,,,,,,,,,,,,,,,,,,,,,,,,
,,,,,,,,,,,,,,,,,,,,,,,,,
,,,,,,,,,,,,,,,,,,,,,,,,,
,,,,,,,,,,,,,,,,,,,,,,,,,
,,,,,,,,,,,,,,,,,,,,,,,,,
,,,,,,,,,,,,,,,,,,,,,,,,,
,,,,,,,,,,,,,,,,,,,,,,,,,
,,,,,,,,,,,,,,,,,,,,,,,,,
,,,,,,,,,,,,,,,,,,,,,,,,,
,,,,,,,,,,,,,,,,,,,,,,,,,
,,,,,,,,,,,,,,,,,,,,,,,,,
,,,,,,,,,,,,,,,,,,,,,,,,,
,,,,,,,,,,,,,,,,,,,,,,,,,
,,,,,,,,,,,,,,,,,,,,,,,,,
,,,,,,,,,,,,,,,,,,,,,,,,,
,,,,,,,,,,,,,,,,,,,,,,,,,
,,,,,,,,,,,,,,,,,,,,,,,,,
,,,,,,,,,,,,,,,,,,,,,,,,,
,,,,,,,,,,,,,,,,,,,,,,,,,
,,,,,,,,,,,,,,,,,,,,,,,,,
,,,,,,,,,,,,,,,,,,,,,,,,,
,,,,,,,,,,,,,,,,,,,,,,,,,
,,,,,,,,,,,,,,,,,,,,,,,,,
,,,,,,,,,,,,,,,,,,,,,,,,,
,,,,,,,,,,,,,,,,,,,,,,,,,
,,,,,,,,,,,,,,,,,,,,,,,,,
,,,,,,,,,,,,,,,,,,,,,,,,,
,,,,,,,,,,,,,,,,,,,,,,,,,
,,,,,,,,,,,,,,,,,,,,,,,,,
,,,,,,,,,,,,,,,,,,,,,,,,,
,,,,,,,,,,,,,,,,,,,,,,,,,
,,,,,,,,,,,,,,,,,,,,,,,,,
,,,,,,,,,,,,,,,,,,,,,,,,,
,,,,,,,,,,,,,,,,,,,,,,,,,
,,,,,,,,,,,,,,,,,,,,,,,,,
,,,,,,,,,,,,,,,,,,,,,,,,,
,,,,,,,,,,,,,,,,,,,,,,,,,
,,,,,,,,,,,,,,,,,,,,,,,,,
,,,,,,,,,,,,,,,,,,,,,,,,,
,,,,,,,,,,,,,,,,,,,,,,,,,
,,,,,,,,,,,,,,,,,,,,,,,,,
,,,,,,,,,,,,,,,,,,,,,,,,,
,,,,,,,,,,,,,,,,,,,,,,,,,
,,,,,,,,,,,,,,,,,,,,,,,,,
,,,,,,,,,,,,,,,,,,,,,,,,,
,,,,,,,,,,,,,,,,,,,,,,,,,
,,,,,,,,,,,,,,,,,,,,,,,,,
,,,,,,,,,,,,,,,,,,,,,,,,,
,,,,,,,,,,,,,,,,,,,,,,,,,
,,,,,,,,,,,,,,,,,,,,,,,,,
,,,,,,,,,,,,,,,,,,,,,,,,,
,,,,,,,,,,,,,,,,,,,,,,,,,
,,,,,,,,,,,,,,,,,,,,,,,,,
,,,,,,,,,,,,,,,,,,,,,,,,,
,,,,,,,,,,,,,,,,,,,,,,,,,
,,,,,,,,,,,,,,,,,,,,,,,,,
,,,,,,,,,,,,,,,,,,,,,,,,,
,,,,,,,,,,,,,,,,,,,,,,,,,
,,,,,,,,,,,,,,,,,,,,,,,,,
,,,,,,,,,,,,,,,,,,,,,,,,,
,,,,,,,,,,,,,,,,,,,,,,,,,
,,,,,,,,,,,,,,,,,,,,,,,,,
,,,,,,,,,,,,,,,,,,,,,,,,,
,,,,,,,,,,,,,,,,,,,,,,,,,
,,,,,,,,,,,,,,,,,,,,,,,,,
,,,,,,,,,,,,,,,,,,,,,,,,,
,,,,,,,,,,,,,,,,,,,,,,,,,
,,,,,,,,,,,,,,,,,,,,,,,,,
,,,,,,,,,,,,,,,,,,,,,,,,,
,,,,,,,,,,,,,,,,,,,,,,,,,
,,,,,,,,,,,,,,,,,,,,,,,,,
,,,,,,,,,,,,,,,,,,,,,,,,,
,,,,,,,,,,,,,,,,,,,,,,,,,
,,,,,,,,,,,,,,,,,,,,,,,,,
,,,,,,,,,,,,,,,,,,,,,,,,,
,,,,,,,,,,,,,,,,,,,,,,,,,
,,,,,,,,,,,,,,,,,,,,,,,,,
,,,,,,,,,,,,,,,,,,,,,,,,,
,,,,,,,,,,,,,,,,,,,,,,,,,
,,,,,,,,,,,,,,,,,,,,,,,,,
,,,,,,,,,,,,,,,,,,,,,,,,,
,,,,,,,,,,,,,,,,,,,,,,,,,
,,,,,,,,,,,,,,,,,,,,,,,,,
,,,,,,,,,,,,,,,,,,,,,,,,,
,,,,,,,,,,,,,,,,,,,,,,,,,
,,,,,,,,,,,,,,,,,,,,,,,,,
,,,,,,,,,,,,,,,,,,,,,,,,,
,,,,,,,,,,,,,,,,,,,,,,,,,
,,,,,,,,,,,,,,,,,,,,,,,,,
,,,,,,,,,,,,,,,,,,,,,,,,,
,,,,,,,,,,,,,,,,,,,,,,,,,
,,,,,,,,,,,,,,,,,,,,,,,,,
,,,,,,,,,,,,,,,,,,,,,,,,,
,,,,,,,,,,,,,,,,,,,,,,,,,
,,,,,,,,,,,,,,,,,,,,,,,,,
,,,,,,,,,,,,,,,,,,,,,,,,,
,,,,,,,,,,,,,,,,,,,,,,,,,
,,,,,,,,,,,,,,,,,,,,,,,,,
,,,,,,,,,,,,,,,,,,,,,,,,,
,,,,,,,,,,,,,,,,,,,,,,,,,
,,,,,,,,,,,,,,,,,,,,,,,,,
,,,,,,,,,,,,,,,,,,,,,,,,,
,,,,,,,,,,,,,,,,,,,,,,,,,
,,,,,,,,,,,,,,,,,,,,,,,,,
,,,,,,,,,,,,,,,,,,,,,,,,,
,,,,,,,,,,,,,,,,,,,,,,,,,
,,,,,,,,,,,,,,,,,,,,,,,,,
,,,,,,,,,,,,,,,,,,,,,,,,,
,,,,,,,,,,,,,,,,,,,,,,,,,
,,,,,,,,,,,,,,,,,,,,,,,,,
,,,,,,,,,,,,,,,,,,,,,,,,,
,,,,,,,,,,,,,,,,,,,,,,,,,
,,,,,,,,,,,,,,,,,,,,,,,,,
,,,,,,,,,,,,,,,,,,,,,,,,,
,,,,,,,,,,,,,,,,,,,,,,,,,
,,,,,,,,,,,,,,,,,,,,,,,,,
,,,,,,,,,,,,,,,,,,,,,,,,,
,,,,,,,,,,,,,,,,,,,,,,,,,
,,,,,,,,,,,,,,,,,,,,,,,,,
,,,,,,,,,,,,,,,,,,,,,,,,,
,,,,,,,,,,,,,,,,,,,,,,,,,
,,,,,,,,,,,,,,,,,,,,,,,,,
,,,,,,,,,,,,,,,,,,,,,,,,,
,,,,,,,,,,,,,,,,,,,,,,,,,
,,,,,,,,,,,,,,,,,,,,,,,,,
,,,,,,,,,,,,,,,,,,,,,,,,,
,,,,,,,,,,,,,,,,,,,,,,,,,
,,,,,,,,,,,,,,,,,,,,,,,,,
,,,,,,,,,,,,,,,,,,,,,,,,,
,,,,,,,,,,,,,,,,,,,,,,,,,
,,,,,,,,,,,,,,,,,,,,,,,,,
,,,,,,,,,,,,,,,,,,,,,,,,,
,,,,,,,,,,,,,,,,,,,,,,,,,
,,,,,,,,,,,,,,,,,,,,,,,,,
,,,,,,,,,,,,,,,,,,,,,,,,,
,,,,,,,,,,,,,,,,,,,,,,,,,
,,,,,,,,,,,,,,,,,,,,,,,,,
,,,,,,,,,,,,,,,,,,,,,,,,,
,,,,,,,,,,,,,,,,,,,,,,,,,
,,,,,,,,,,,,,,,,,,,,,,,,,
,,,,,,,,,,,,,,,,,,,,,,,,,
,,,,,,,,,,,,,,,,,,,,,,,,,
,,,,,,,,,,,,,,,,,,,,,,,,,
,,,,,,,,,,,,,,,,,,,,,,,,,
,,,,,,,,,,,,,,,,,,,,,,,,,
,,,,,,,,,,,,,,,,,,,,,,,,,
,,,,,,,,,,,,,,,,,,,,,,,,,
,,,,,,,,,,,,,,,,,,,,,,,,,
,,,,,,,,,,,,,,,,,,,,,,,,,
,,,,,,,,,,,,,,,,,,,,,,,,,
,,,,,,,,,,,,,,,,,,,,,,,,,
,,,,,,,,,,,,,,,,,,,,,,,,,
,,,,,,,,,,,,,,,,,,,,,,,,,
,,,,,,,,,,,,,,,,,,,,,,,,,
,,,,,,,,,,,,,,,,,,,,,,,,,
,,,,,,,,,,,,,,,,,,,,,,,,,
,,,,,,,,,,,,,,,,,,,,,,,,,
,,,,,,,,,,,,,,,,,,,,,,,,,
,,,,,,,,,,,,,,,,,,,,,,,,,
,,,,,,,,,,,,,,,,,,,,,,,,,
,,,,,,,,,,,,,,,,,,,,,,,,,
,,,,,,,,,,,,,,,,,,,,,,,,,
,,,,,,,,,,,,,,,,,,,,,,,,,
,,,,,,,,,,,,,,,,,,,,,,,,,
,,,,,,,,,,,,,,,,,,,,,,,,,
,,,,,,,,,,,,,,,,,,,,,,,,,
,,,,,,,,,,,,,,,,,,,,,,,,,
,,,,,,,,,,,,,,,,,,,,,,,,,
,,,,,,,,,,,,,,,,,,,,,,,,,
,,,,,,,,,,,,,,,,,,,,,,,,,
,,,,,,,,,,,,,,,,,,,,,,,,,
,,,,,,,,,,,,,,,,,,,,,,,,,
,,,,,,,,,,,,,,,,,,,,,,,,,
,,,,,,,,,,,,,,,,,,,,,,,,,
,,,,,,,,,,,,,,,,,,,,,,,,,
,,,,,,,,,,,,,,,,,,,,,,,,,
,,,,,,,,,,,,,,,,,,,,,,,,,
,,,,,,,,,,,,,,,,,,,,,,,,,
,,,,,,,,,,,,,,,,,,,,,,,,,
,,,,,,,,,,,,,,,,,,,,,,,,,
,,,,,,,,,,,,,,,,,,,,,,,,,
,,,,,,,,,,,,,,,,,,,,,,,,,
,,,,,,,,,,,,,,,,,,,,,,,,,
,,,,,,,,,,,,,,,,,,,,,,,,,
,,,,,,,,,,,,,,,,,,,,,,,,,
,,,,,,,,,,,,,,,,,,,,,,,,,
,,,,,,,,,,,,,,,,,,,,,,,,,
,,,,,,,,,,,,,,,,,,,,,,,,,
,,,,,,,,,,,,,,,,,,,,,,,,,
,,,,,,,,,,,,,,,,,,,,,,,,,
,,,,,,,,,,,,,,,,,,,,,,,,,
,,,,,,,,,,,,,,,,,,,,,,,,,
,,,,,,,,,,,,,,,,,,,,,,,,,
,,,,,,,,,,,,,,,,,,,,,,,,,
,,,,,,,,,,,,,,,,,,,,,,,,,
,,,,,,,,,,,,,,,,,,,,,,,,,
,,,,,,,,,,,,,,,,,,,,,,,,,
,,,,,,,,,,,,,,,,,,,,,,,,,
,,,,,,,,,,,,,,,,,,,,,,,,,
,,,,,,,,,,,,,,,,,,,,,,,,,
,,,,,,,,,,,,,,,,,,,,,,,,,
,,,,,,,,,,,,,,,,,,,,,,,,,
,,,,,,,,,,,,,,,,,,,,,,,,,
,,,,,,,,,,,,,,,,,,,,,,,,,
,,,,,,,,,,,,,,,,,,,,,,,,,
,,,,,,,,,,,,,,,,,,,,,,,,,
,,,,,,,,,,,,,,,,,,,,,,,,,
,,,,,,,,,,,,,,,,,,,,,,,,,
,,,,,,,,,,,,,,,,,,,,,,,,,
,,,,,,,,,,,,,,,,,,,,,,,,,
,,,,,,,,,,,,,,,,,,,,,,,,,
,,,,,,,,,,,,,,,,,,,,,,,,,
,,,,,,,,,,,,,,,,,,,,,,,,,
,,,,,,,,,,,,,,,,,,,,,,,,,
,,,,,,,,,,,,,,,,,,,,,,,,,
,,,,,,,,,,,,,,,,,,,,,,,,,
,,,,,,,,,,,,,,,,,,,,,,,,,
,,,,,,,,,,,,,,,,,,,,,,,,,
,,,,,,,,,,,,,,,,,,,,,,,,,
,,,,,,,,,,,,,,,,,,,,,,,,,
,,,,,,,,,,,,,,,,,,,,,,,,,
,,,,,,,,,,,,,,,,,,,,,,,,,
,,,,,,,,,,,,,,,,,,,,,,,,,
,,,,,,,,,,,,,,,,,,,,,,,,,
,,,,,,,,,,,,,,,,,,,,,,,,,
,,,,,,,,,,,,,,,,,,,,,,,,,
,,,,,,,,,,,,,,,,,,,,,,,,,
,,,,,,,,,,,,,,,,,,,,,,,,,
,,,,,,,,,,,,,,,,,,,,,,,,,
,,,,,,,,,,,,,,,,,,,,,,,,,
,,,,,,,,,,,,,,,,,,,,,,,,,
,,,,,,,,,,,,,,,,,,,,,,,,,
,,,,,,,,,,,,,,,,,,,,,,,,,
,,,,,,,,,,,,,,,,,,,,,,,,,
,,,,,,,,,,,,,,,,,,,,,,,,,
,,,,,,,,,,,,,,,,,,,,,,,,,
,,,,,,,,,,,,,,,,,,,,,,,,,
,,,,,,,,,,,,,,,,,,,,,,,,,
,,,,,,,,,,,,,,,,,,,,,,,,,
,,,,,,,,,,,,,,,,,,,,,,,,,
,,,,,,,,,,,,,,,,,,,,,,,,,
,,,,,,,,,,,,,,,,,,,,,,,,,
,,,,,,,,,,,,,,,,,,,,,,,,,
,,,,,,,,,,,,,,,,,,,,,,,,,
,,,,,,,,,,,,,,,,,,,,,,,,,
,,,,,,,,,,,,,,,,,,,,,,,,,
,,,,,,,,,,,,,,,,,,,,,,,,,
,,,,,,,,,,,,,,,,,,,,,,,,,
,,,,,,,,,,,,,,,,,,,,,,,,,
,,,,,,,,,,,,,,,,,,,,,,,,,
,,,,,,,,,,,,,,,,,,,,,,,,,
,,,,,,,,,,,,,,,,,,,,,,,,,
,,,,,,,,,,,,,,,,,,,,,,,,,
,,,,,,,,,,,,,,,,,,,,,,,,,
,,,,,,,,,,,,,,,,,,,,,,,,,
,,,,,,,,,,,,,,,,,,,,,,,,,
,,,,,,,,,,,,,,,,,,,,,,,,,
,,,,,,,,,,,,,,,,,,,,,,,,,
,,,,,,,,,,,,,,,,,,,,,,,,,
,,,,,,,,,,,,,,,,,,,,,,,,,
,,,,,,,,,,,,,,,,,,,,,,,,,
,,,,,,,,,,,,,,,,,,,,,,,,,
,,,,,,,,,,,,,,,,,,,,,,,,,
,,,,,,,,,,,,,,,,,,,,,,,,,
,,,,,,,,,,,,,,,,,,,,,,,,,
,,,,,,,,,,,,,,,,,,,,,,,,,
,,,,,,,,,,,,,,,,,,,,,,,,,
,,,,,,,,,,,,,,,,,,,,,,,,,
,,,,,,,,,,,,,,,,,,,,,,,,,
,,,,,,,,,,,,,,,,,,,,,,,,,
,,,,,,,,,,,,,,,,,,,,,,,,,
,,,,,,,,,,,,,,,,,,,,,,,,,
,,,,,,,,,,,,,,,,,,,,,,,,,
,,,,,,,,,,,,,,,,,,,,,,,,,
,,,,,,,,,,,,,,,,,,,,,,,,,
,,,,,,,,,,,,,,,,,,,,,,,,,
,,,,,,,,,,,,,,,,,,,,,,,,,
,,,,,,,,,,,,,,,,,,,,,,,,,
,,,,,,,,,,,,,,,,,,,,,,,,,
,,,,,,,,,,,,,,,,,,,,,,,,,
,,,,,,,,,,,,,,,,,,,,,,,,,
,,,,,,,,,,,,,,,,,,,,,,,,,
,,,,,,,,,,,,,,,,,,,,,,,,,
,,,,,,,,,,,,,,,,,,,,,,,,,
,,,,,,,,,,,,,,,,,,,,,,,,,
,,,,,,,,,,,,,,,,,,,,,,,,,
,,,,,,,,,,,,,,,,,,,,,,,,,
,,,,,,,,,,,,,,,,,,,,,,,,,
,,,,,,,,,,,,,,,,,,,,,,,,,
,,,,,,,,,,,,,,,,,,,,,,,,,
,,,,,,,,,,,,,,,,,,,,,,,,,
,,,,,,,,,,,,,,,,,,,,,,,,,
,,,,,,,,,,,,,,,,,,,,,,,,,
,,,,,,,,,,,,,,,,,,,,,,,,,
,,,,,,,,,,,,,,,,,,,,,,,,,
,,,,,,,,,,,,,,,,,,,,,,,,,
,,,,,,,,,,,,,,,,,,,,,,,,,
,,,,,,,,,,,,,,,,,,,,,,,,,
,,,,,,,,,,,,,,,,,,,,,,,,,
,,,,,,,,,,,,,,,,,,,,,,,,,
,,,,,,,,,,,,,,,,,,,,,,,,,
,,,,,,,,,,,,,,,,,,,,,,,,,
,,,,,,,,,,,,,,,,,,,,,,,,,
,,,,,,,,,,,,,,,,,,,,,,,,,
,,,,,,,,,,,,,,,,,,,,,,,,,
,,,,,,,,,,,,,,,,,,,,,,,,,
,,,,,,,,,,,,,,,,,,,,,,,,,
,,,,,,,,,,,,,,,,,,,,,,,,,
,,,,,,,,,,,,,,,,,,,,,,,,,
,,,,,,,,,,,,,,,,,,,,,,,,,
,,,,,,,,,,,,,,,,,,,,,,,,,
,,,,,,,,,,,,,,,,,,,,,,,,,
,,,,,,,,,,,,,,,,,,,,,,,,,
,,,,,,,,,,,,,,,,,,,,,,,,,
,,,,,,,,,,,,,,,,,,,,,,,,,
,,,,,,,,,,,,,,,,,,,,,,,,,
,,,,,,,,,,,,,,,,,,,,,,,,,
,,,,,,,,,,,,,,,,,,,,,,,,,
,,,,,,,,,,,,,,,,,,,,,,,,,
,,,,,,,,,,,,,,,,,,,,,,,,,
,,,,,,,,,,,,,,,,,,,,,,,,,
,,,,,,,,,,,,,,,,,,,,,,,,,
,,,,,,,,,,,,,,,,,,,,,,,,,
,,,,,,,,,,,,,,,,,,,,,,,,,
,,,,,,,,,,,,,,,,,,,,,,,,,
,,,,,,,,,,,,,,,,,,,,,,,,,
,,,,,,,,,,,,,,,,,,,,,,,,,
,,,,,,,,,,,,,,,,,,,,,,,,,
,,,,,,,,,,,,,,,,,,,,,,,,,
,,,,,,,,,,,,,,,,,,,,,,,,,
,,,,,,,,,,,,,,,,,,,,,,,,,
,,,,,,,,,,,,,,,,,,,,,,,,,
,,,,,,,,,,,,,,,,,,,,,,,,,
,,,,,,,,,,,,,,,,,,,,,,,,,
,,,,,,,,,,,,,,,,,,,,,,,,,
,,,,,,,,,,,,,,,,,,,,,,,,,
,,,,,,,,,,,,,,,,,,,,,,,,,
,,,,,,,,,,,,,,,,,,,,,,,,,
,,,,,,,,,,,,,,,,,,,,,,,,,
,,,,,,,,,,,,,,,,,,,,,,,,,
,,,,,,,,,,,,,,,,,,,,,,,,,
,,,,,,,,,,,,,,,,,,,,,,,,,
,,,,,,,,,,,,,,,,,,,,,,,,,
,,,,,,,,,,,,,,,,,,,,,,,,,
,,,,,,,,,,,,,,,,,,,,,,,,,
,,,,,,,,,,,,,,,,,,,,,,,,,
,,,,,,,,,,,,,,,,,,,,,,,,,
,,,,,,,,,,,,,,,,,,,,,,,,,
,,,,,,,,,,,,,,,,,,,,,,,,,
,,,,,,,,,,,,,,,,,,,,,,,,,
,,,,,,,,,,,,,,,,,,,,,,,,,
,,,,,,,,,,,,,,,,,,,,,,,,,
,,,,,,,,,,,,,,,,,,,,,,,,,
,,,,,,,,,,,,,,,,,,,,,,,,,
,,,,,,,,,,,,,,,,,,,,,,,,,
,,,,,,,,,,,,,,,,,,,,,,,,,
,,,,,,,,,,,,,,,,,,,,,,,,,
,,,,,,,,,,,,,,,,,,,,,,,,,
,,,,,,,,,,,,,,,,,,,,,,,,,
,,,,,,,,,,,,,,,,,,,,,,,,,
,,,,,,,,,,,,,,,,,,,,,,,,,
,,,,,,,,,,,,,,,,,,,,,,,,,
,,,,,,,,,,,,,,,,,,,,,,,,,
,,,,,,,,,,,,,,,,,,,,,,,,,
,,,,,,,,,,,,,,,,,,,,,,,,,
,,,,,,,,,,,,,,,,,,,,,,,,,
,,,,,,,,,,,,,,,,,,,,,,,,,
,,,,,,,,,,,,,,,,,,,,,,,,,
,,,,,,,,,,,,,,,,,,,,,,,,,
,,,,,,,,,,,,,,,,,,,,,,,,,
,,,,,,,,,,,,,,,,,,,,,,,,,
,,,,,,,,,,,,,,,,,,,,,,,,,
,,,,,,,,,,,,,,,,,,,,,,,,,
,,,,,,,,,,,,,,,,,,,,,,,,,
,,,,,,,,,,,,,,,,,,,,,,,,,
,,,,,,,,,,,,,,,,,,,,,,,,,
,,,,,,,,,,,,,,,,,,,,,,,,,
,,,,,,,,,,,,,,,,,,,,,,,,,
,,,,,,,,,,,,,,,,,,,,,,,,,
,,,,,,,,,,,,,,,,,,,,,,,,,
,,,,,,,,,,,,,,,,,,,,,,,,,
,,,,,,,,,,,,,,,,,,,,,,,,,
,,,,,,,,,,,,,,,,,,,,,,,,,
,,,,,,,,,,,,,,,,,,,,,,,,,
,,,,,,,,,,,,,,,,,,,,,,,,,
,,,,,,,,,,,,,,,,,,,,,,,,,
,,,,,,,,,,,,,,,,,,,,,,,,,
,,,,,,,,,,,,,,,,,,,,,,,,,
,,,,,,,,,,,,,,,,,,,,,,,,,
,,,,,,,,,,,,,,,,,,,,,,,,,
,,,,,,,,,,,,,,,,,,,,,,,,,
,,,,,,,,,,,,,,,,,,,,,,,,,
,,,,,,,,,,,,,,,,,,,,,,,,,
,,,,,,,,,,,,,,,,,,,,,,,,,
,,,,,,,,,,,,,,,,,,,,,,,,,
,,,,,,,,,,,,,,,,,,,,,,,,,
,,,,,,,,,,,,,,,,,,,,,,,,,
,,,,,,,,,,,,,,,,,,,,,,,,,
,,,,,,,,,,,,,,,,,,,,,,,,,
,,,,,,,,,,,,,,,,,,,,,,,,,
,,,,,,,,,,,,,,,,,,,,,,,,,
,,,,,,,,,,,,,,,,,,,,,,,,,
